working_days:
  - monday
  - tuesday
  - wednesday
  - thursday
  - friday

holidays:
  - January 1st, 2013
  - March 29th, 2013
  - April 1st, 2013
  - May 6th, 2013
  - May 27th, 2013
  - August 26th, 2013
  - December 25th, 2013
  - December 26th, 2013
  - January 1st, 2014
  - April 18th, 2014
  - April 21st, 2014
  - May 5th, 2014
  - May 26th, 2014
  - August 25th, 2014
  - December 25th, 2014
  - December 26th, 2014
  - January 1st, 2015
  - April 3rd, 2015
  - April 6th, 2015
  - May 4th, 2015
  - May 25th, 2015
  - August 31st, 2015
  - December 25th, 2015
  - December 28th, 2015
  - January 1st, 2016
  - March 25th, 2016
  - March 28th, 2016
  - May 2nd, 2016
  - May 30th, 2016
  - August 29th, 2016
  - December 26th, 2016
  - December 27th, 2016
  - January 2nd, 2017
  - April 14th, 2017
  - April 17th, 2017
  - May 1st, 2017
  - May 29th, 2017
  - August 28th, 2017
  - December 25th, 2017
  - December 26th, 2017
  - January 1st, 2018
  - March 30th, 2018
  - April 2nd, 2018
  - May 7th, 2018
  - May 28th, 2018
  - August 27th, 2018
  - December 25th, 2018
  - December 26th, 2018
  - January 1st, 2019
  - April 19th, 2019
  - April 22nd, 2019
  - May 6th, 2019
  - May 27th, 2019
  - August 26th, 2019
  - December 25th, 2019
  - December 26th, 2019
  - January 1st, 2020
  - April 10th, 2020
  - April 13th, 2020
  - May 8th, 2020
  - May 25th, 2020
  - August 31st, 2020
  - December 25th, 2020
  - December 26th, 2020
  - December 28th, 2020
  - January 1st, 2021
  - April 2nd, 2021
  - April 5th, 2021
  - May 3rd, 2021
  - May 31st, 2021
  - August 30th, 2021
  - December 27th, 2021
  - December 28th, 2021
  - January 3rd, 2022
  - April 15th, 2022
  - April 18th, 2022
  - May 2nd, 2022
  - May 30th, 2022
  - August 29th, 2022
  - December 26th, 2022
  - December 27th, 2022
  - January 2nd, 2023
  - April 7th, 2023
  - April 10th, 2023
  - May 1st, 2023
  - May 29th, 2023
  - August 28th, 2023
  - December 25th, 2023
  - December 26th, 2023
  - January 1st, 2024
  - March 29th, 2024
  - April 1st, 2024
  - May 6th, 2024
  - May 27th, 2024
  - August 26th, 2024
  - December 25th, 2024
  - December 26th, 2024
  - January 1st, 2025
  - April 18th, 2025
  - April 21st, 2025
  - May 5th, 2025
  - May 26th, 2025
  - August 25th, 2025
  - December 25th, 2025
  - December 26th, 2025
  - January 1st, 2026
  - April 3rd, 2026
  - April 6th, 2026
  - May 4th, 2026
  - May 25th, 2026
  - August 31st, 2026
  - December 25th, 2026
  - December 28th, 2026
  - January 1st, 2027
  - March 26th, 2027
  - March 29th, 2027
  - May 3rd, 2027
  - May 31st, 2027
  - August 30th, 2027
  - December 27th, 2027
  - December 28th, 2027
