working_days:
  - monday
  - tuesday
  - wednesday
  - thursday
  - friday

holidays:
  - January 1st, 2013
  - March 29th, 2013
  - April 1st, 2013
  - May 1st, 2013
  - May 9th, 2013
  - May 20th, 2013
  - May 30th, 2013
  - October 3rd, 2013
  - November 1st, 2013
  - December 24th, 2013
  - December 25th, 2013
  - December 26th, 2013
  - December 31st, 2013
  - January 1st, 2014
  - April 18th, 2014
  - April 21st, 2014
  - May 1st, 2014
  - May 9th, 2014
  - May 29th, 2014
  - June 9th, 2014
  - June 19th, 2014
  - October 3rd, 2014
  - November 1st, 2014
  - December 24th, 2014
  - December 25th, 2014
  - December 26th, 2014
  - December 31st, 2014
